iter	Logloss
0	0.6920547034
1	0.6906978498
2	0.6893188361
3	0.6880566722
4	0.6866839431
5	0.6853657227
6	0.6840269762
7	0.6827255023
8	0.6814231353
9	0.6800934925
10	0.6787749494
11	0.6774743294
12	0.6761872775
13	0.6748786552
14	0.6736055435
15	0.6723845801
16	0.6711266037
17	0.6699103519
18	0.6686525682
19	0.6674153584
20	0.6662180533
21	0.6650130899
22	0.6638231339
23	0.6626431925
24	0.661428819
25	0.6602204454
26	0.6590191209
27	0.6578515474
28	0.6566779734
29	0.6554791265
